fid,famt
223254,56898523.47
223255,116238361.25
223258,5000.0
223259,9990.0
223260,12000.0
223261,88.03
223262,13000.0
223263,6990.0
223264,8000.0
223265,6990.0
223266,7090.0
223267,13000.0
223268,400.01
223269,7290.0
223270,7290.0
223271,7090.0
223272,7290.0
223273,7390.0
223274,7290.0
223275,7240.0
223276,7280.0
223277,7290.0
223278,7189.0
223279,6990.0
223280,7160.0
223281,28973.97
223282,3334.42
223283,475.0
223284,2884.21
223285,5000.0
223286,400.0
223287,350.0
223288,200.0
223289,200.0
223290,240.0
223291,250.0
223292,1827.41
223293,400.0
223294,772.0
223295,459.49
223296,167.0
223297,1320.44
223298,112.32
223299,200.0
223300,300.0
223301,290.0
223302,1880.0
223303,480.0
223304,146.0
223305,600.0
223306,500.0
223307,195.0
223308,40.0
223309,490.0
223310,197.44
223311,9990.0
223312,370.0
223313,979.0
223314,19990.0
223315,2174.73
223316,535.0
223317,5380.0
223318,607.49
223319,1490.0
223320,210.0
223321,419.15
223322,2519.94
223323,437.86
223324,2500.0
223325,1245.0
223326,300.0
223327,636.65
223328,500.0
223329,700.0
223330,750.0
223331,435.67
223332,290.0
223333,506.14
223334,1150.0
223335,544.0
223336,1490.0
223337,390.0
223338,40.0
223339,1990.0
223340,990.5
223341,90.0
223342,1558.0
223343,667.94
223344,890.71
223345,3654.55
223346,224.18
223347,14417.0
223348,980.0
223349,22990.0
223350,34644.35
223351,40000.0
223352,36855.87
223353,750.0
223354,70000.0
223355,825.0
223356,16510.0
223357,105.0
223360,1708383.56
223372,9962160.0
223373,124808.13
223374,3361767.58
223375,57980.64
223377,15000.0
223378,77.62
223380,18355226.94
223381,374379.05
223382,393371.39
223383,392174.28
223384,376794.78
223385,30253.0
223388,42986.36
223389,42986.36
223400,13791857.01
223452,19850.0
223453,14000.0
223454,22000.0
223455,30000.0
223456,8000.0
223521,54963.0
223522,30000.0
223523,29963.0
223524,50000.0
223525,25000.0
223526,9988.0
223527,20000.0
223528,120000.0
223529,30000.0
223530,14000.0
223531,17963.0
223532,39963.0
223533,39963.0
223537,4913.0
223538,4913.0
223539,2963.0
223540,2463.0
223541,2963.0
223542,4463.0
223543,2463.0
223544,2463.0
223545,2131.4
223563,113900.0
223564,6980.0
223565,40800.0
223566,17450.0
223567,117300.0
223568,399870.0
223615,13374849.28
223627,16084899.0
223649,1355.82
223650,2091.82
223651,2191.82
223652,2241.82
223653,2391.82
223654,2391.82
223655,2391.82
223656,2841.82
223657,2991.82
223658,2991.82
223659,3291.82
223660,3291.82
223661,3665.82
223662,4111.82
223663,5991.82
223664,5991.82
223665,6891.82
223666,6951.82
223667,11241.82
223668,11991.82
223669,12923.64
223670,42986.36
223683,2436000.0
223684,4035652.52
223685,28000000.0
223686,4000000.0
223687,5397069.22
223688,2956552.0
223689,2970217.07
223690,3600000.0
223691,2250000.0
223692,40075000.0
223694,270420.0
223839,3552481.6
223840,3969642.0
223842,9171522.17
223844,7181193.66
223845,24075000.0
223846,81000.0
223847,17519500.0
223873,2400018.0
223874,1750000.0
223875,300000.0
223876,2012944.86
223877,3248764.0
223878,2000385.0
223879,1254203.0
223880,3985000.0
223881,4388917.58
223882,1501920.0
223883,3834432.0
223884,5499955.67
223885,9199004.0
223886,54988.89
223887,13831088.66
223898,1999978.0
223903,2431100.0
223904,7261295.76
223905,7699923.89
223907,11000000.0
223908,17622532.16
223909,20750000.0
223931,375.0
223932,238.61
223933,15448.0
223935,3485.0
223936,599088.0
223937,1400000.0
223938,11277.0
223939,205.48
223940,790753.42
223941,126547.21
223942,280.0
223943,78800.0
223944,59.0
223945,29.5
223946,200000.0
223948,2000000.0
223984,29204.0
223986,13526.0
223991,167000.0
224001,7750.0
224002,9000.0
224003,31000.0
224004,40000.0
224005,30000.0
224017,45695485.29
224019,166157.08
224028,10000.0
224044,3512000.0
224045,6000000.0
224046,6132493.6
224047,5285839.33
224048,11374272.45
224049,12537500.0
224050,10000000.0
224051,10000000.0
224052,33599900.0
224053,40380000.0
224057,1762600.0
224059,13449615.0
224060,1001444.0
224064,128899.0
224065,582437.0
224066,5558208.72
224101,13100000.0
224119,35495.0
224120,7055000.0
224141,25630.0
224149,650000.0
224182,318990.0
224183,709161.73
224184,807000.0
224186,5420.0
224187,5000.0
224188,50000.0
224190,47000.0
224191,320000.0
224192,34995.0
224202,4000000.0
224216,191904.34
224217,204430.75
224218,220567.7
224219,296928.14
224220,302581.9
224221,323980.0
224222,499998.45
224223,511605.94
224224,555336.72
224225,819632.73
224249,1169620.0
224250,1138586.0
224251,1445219.33
224252,1654639.27
224253,1761300.0
224254,1774970.0
224255,2399800.0
224256,3970472.0
224257,4049460.42
224296,1000100.0
224297,1460000.0
224298,1649874.0
224299,1669762.9
224300,2065860.0
224332,36162662.54
224333,44733695.21
224334,18489359.33
224337,33799823.89
224342,6000000.0
224343,2555000.0
224344,7000000.0
224345,6750000.0
224355,78312.48
224365,3944147.0
224366,3850000.0
224367,6684390.0
224368,7522515.0
224370,11067775.0
224371,1529500.0
224372,598392.75
224373,11615352.5
224374,69500.0
224375,323400.0
224376,44254.0
224377,44969.0
224378,46669.0
224379,46879.0
224380,48809.0
224381,50722.0
224382,68282.0
224385,366796.0
224386,444091.0
224405,242918.68
224406,304591.65
224448,249500.0
224449,254182.0
224451,299640.0
224452,299670.0
224453,299898.0
224460,10000000.0
224486,9005.0
224487,9415.12
224488,16156.01
224516,199547810.2
224518,18182145.3
224519,598000.0
224546,725584.0
224547,483840.0
224550,43889.0
224551,200000.0
224552,15000.0
224553,15000.0
224556,99965.0
224557,202910.5
224558,103480.5
224559,35817.5
224560,104815.5
224561,26311.5
224562,102878.5
224563,12075.0
224564,12075.0
224565,12075.0
224566,12075.0
224567,26675.0
224568,12075.0
224569,22573.0
224570,12075.0
224571,25600.0
224572,12175.0
224573,33245.0
224574,12175.0
224575,12175.0
224576,25825.0
224577,9946.0
224578,9942.0
224579,9957.0
224580,9968.0
224581,9980.0
224582,9972.0
224583,9974.0
224584,9970.0
224585,9978.0
224586,9981.0
224587,9976.0
224588,9980.0
224589,9984.0
224590,9985.0
224591,9984.0
224592,9990.0
224593,9932.0
224594,9940.0
224595,9942.0
224596,9954.0
224597,9943.0
224598,9948.0
224599,9943.0
224600,9949.0
224601,9958.0
224602,9960.0
224603,9953.0
224604,9964.0
224605,9969.0
224606,9969.0
224607,9975.0
224608,9979.0
224609,9971.0
224610,9975.0
224611,45302.0
224612,9978.0
224613,9985.0
224614,9981.0
224615,9987.0
224616,9984.0
224617,72025.0
224618,39990.0
224619,9990.0
224620,9982.0
224621,9984.0
224622,50105.0
224623,9977.0
224624,9973.0
224625,9974.0
224626,9980.0
224627,9978.0
224628,9982.0
224629,9984.0
224630,49190.0
224631,47565.0
224632,18265.0
224633,23089.0
224634,14143.0
224635,44840.0
224636,24357.0
224637,44840.0
224638,32650.0
224639,29690.0
224640,15440.0
224641,32660.0
224723,2510568.34
224724,2499961.0
224725,2814980.0
224726,2860562.43
224727,3999629.79
224728,4920748.22
224729,8904547.49
224730,3000000.0
224731,6000000.0
224732,51117520.0
224733,68700000.0
224735,1944.97
224744,76288169.0
224749,284.25
224750,6000.0
224766,5000.0
224769,1690.0
224771,2945.0
224781,6025.0
224785,5100.0
224787,5100.0
224810,4975.0
224811,5122.0
224812,5140.0
224813,7651.2
224814,8460.0
224815,14495.0
224816,19810.0
224817,36331.44
224818,71375.0
224860,747469.53
224861,57138.86
224862,5084496.08
224866,6575259.0
224867,14634005.0
224868,29062740.0
224961,16190000.0
224979,3179386.3
224980,3200000.0
224981,3450000.0
224982,4347170.88
224983,5800000.0
224985,7615000.0
224986,8691138.52
224987,10000000.0
224988,10000000.0
224990,347300.0
224993,3250000.0
224994,1190000.0
224995,1507007.31
224996,1541912.9
224997,1549402.5
224998,1673339.38
224999,1820895.54
225000,2345700.0
225001,3551414.54
225002,7065572.0
225012,55000.0
225015,99247.0
225016,200000.0
225017,202517.58
225018,400000.0
225019,1262566.75
225020,705000.0
225021,7896772.43
225038,1706554.16
225039,2000000.0
225040,2774000.0
225041,3000000.0
225042,3800000.0
225043,4814000.0
225044,5250000.0
225045,10000000.0
225046,4625929.64
225047,5950260.0
225073,551020.56
225074,463974.0
225076,676798.83
225077,320000.0
225078,1342831.2
225079,447610.4
225082,1899974.0
225083,986892.0
225102,530000.0
225189,5657.0
225190,6560.0
225191,12000.0
225192,3595.0
225193,2680.0
225196,50000.0
225199,6695.0
225201,1080.0
225202,2000.0
225217,110000.0
225255,300015.0
225256,200000.0
225257,388000.0
225260,985000.0
225261,500000.0
225262,450000.0
225263,200000.0
225264,400000.0
225265,200000.0
225301,1580565.0
225302,1739839.39
225303,1969800.0
225304,1999947.0
225305,2013955.0
225306,2399930.0
225307,2999960.0
225308,3199905.0
225309,4000000.0
225310,4999985.0
225883,101000.0
225884,100000.0
225885,120000.0
225886,300000.0
225887,1000000.0
225888,842661.0
225889,6570585.0
225890,1947360.0
225891,1199800.0
225893,249428.24
225903,2774930.0
225904,90000.0
225905,126000.0
225906,108000.0
225912,4399640.0
225913,679480.0
225914,1000000.0
225915,1900000.0
225916,1200000.0
225919,2880000.0
225920,795530.0
225921,82850.0
225928,2488.62
225929,90000.0
225930,100000.0
225932,2807744.9
225933,813581.64
225934,126057.81
225935,112.0
225936,1009.5
225937,166033.07
225948,80000.0
225949,95928.0
225950,95928.94
225951,159710.0
225952,159860.0
225954,160000.0
225955,239670.0
225956,330000.0
225957,480000.0
225991,41500.0
225992,300889.86
225998,2180000.0
225999,2000000.0
226008,174948.77
226009,179860.72
226010,185626.35
226011,210252.6
226012,234553.74
226013,311871.96
226014,384948.74
226015,771460.0
226017,2430085.0
226029,547250.0
226030,1338290.0
226031,1429569.43
226032,1162250.0
226033,4946890.0
226034,7264230.0
226035,17846310.19
226036,3024874.91
226037,48246445.62
226038,3056232.66
226059,29110.0
226060,45400.0
226061,7370.0
226062,114414.0
226063,298402.0
226064,2050.0
226065,10000000.0
226066,23955.0
226067,22965.0
226068,2765.0
226069,9975.0
226070,117453.0
226071,149980.0
226072,163798.54
226073,169438.27
226074,2765.0
226075,9975.0
226076,74985.0
226077,99000.0
226078,294850.0
226079,399686.97
226080,469500.0
226104,54411.68
226105,695000.0
226108,3600.0
226109,17188.0
226110,49119.5
226111,62085.13
226114,1720942.4
226115,1000000.0
226116,1511980.0
226117,5149975.15
226118,2792000.0
226119,1760000.0
226120,1141505.36
226121,1020000.0
226122,473319.6
226123,5997500.0
226124,2400000.0
226128,627892.5
226129,766282.0
226130,906931.68
226131,1270184.0
226132,1613760.86
226134,4152900.0
226147,8173377.6
226162,2000000.0
226163,1699995.0
226165,1971182.94
226167,6702360.44
226168,3984860.56
226170,1911816.62
226197,207850.0
226198,220174.0
226199,242500.0
226201,258100.0
226202,300543.0
226203,367175.0
226204,372085.0
226205,534948.0
226206,671828.0
226236,46247.91
226237,81601.19
226238,96521.57
226239,109956.0
226240,133934.03
226241,982085.64
226242,3426847.29
226243,205115.19
226249,1776624.0
226282,1468740.8
226283,1499450.0
226284,1500000.0
226285,2058500.0
226289,6200888.0
226290,4000000.0
226291,4000000.0
226292,665000.0
226296,290511.35
226297,145254.0
226312,1022.38
226313,410000.0
226314,439808.0
226315,500000.0
226316,536792.25
226317,540000.0
226318,11926.5
226319,814000.0
226320,852751.55
226321,4093000.0
226322,10000000.0
226323,10500000.0
226324,4110584.56
226332,15000.0
226366,148781.29
226367,93369.26
226368,912096.75
226378,3640.0
226379,16412.5
226380,24105.12
226381,26520.0
226382,50013.2
226383,63520.5
226384,82555.2
226385,54644.0
226386,115356.0
226387,11355.1
226388,19152.0
226389,33260.25
226390,37828.0
226391,37940.29
226392,54797.6
226393,73597.19
226394,74517.48
226395,119687.33
226396,229976.02
226397,276133.69
226398,276133.69
226399,1101600.0
226400,1240300.0
226401,1675278.0
226402,771165.0
226403,482690.0
226442,2813235.7
226447,751245.0
226448,396708.0
226449,1027900.0
226450,893565.81
226451,953385.04
226452,282000.0
226535,4505593.05
226536,4516000.0
226537,4548883.33
226539,10059737.07
226540,50355813.51
226544,5954.41
226545,14980.0
226546,74975.0
226547,511560.0
226548,518670.0
226549,542699.0
226550,541600.43
226551,603000.0
226552,525000.0
226609,134975.0
226612,459000.0
226613,475000.0
226616,720000.0
226618,2194000.0
226619,2261000.0
226620,1300000.0
226621,2031110.0
226622,2212262.18
226623,1289625.0
226624,784705.0
226625,2867110.0
226626,14458410.0
226627,249325.0
226628,684172.37
226633,15347.0
226634,30000.0
226635,32292.0
226636,41561.01
226637,55807.0
226638,85863.95
226639,14345.0
226640,14842.0
226641,14842.0
226671,5035.0
226672,140.44
226673,37101.0
226674,534.0
226675,89266.0
226676,70332.47
226677,206199.3
226678,1425.0
226679,66052.6
226680,64378.0
226688,59594.0
226689,27471.6
226690,45429.84
226691,31574.75
226692,400025.0
226693,143602.87
226694,71793.8
226695,65187.3
226696,219802.85
226697,99770.12
226704,10559.0
226749,3281263.43
226750,10001000.0
226751,5000000.0
226752,12737640.4
226753,6290000.0
226754,21238336.96
226755,300000.0
226756,13396000.0
226757,25500000.0
226758,3000000.0
226759,3625024.99
226760,500000000.0
226785,30000.0
226786,4837379.55
226787,14750000.0
226788,15050000.0
226789,51480192.38
226790,1770000.0
226791,3325140.44
226792,3684950.0
226793,4999531.63
226794,7300000.0
226804,721878.61
226805,284901.46
226809,1999850.0
226811,400000.0
226812,15950.0
226814,132274.5
226816,100435.0
226823,13897597.69
226824,5799925.0
226825,6828425.1
226826,7851873.04
226827,8333573.61
226828,10888677.27
226829,12010000.0
226830,15000000.0
226853,5768131.0
226854,3987992.0
226878,859400.0
226879,1187539.98
226880,1229998.0
226881,1469544.0
226882,1509800.0
226883,1809795.0
226884,2579894.0
226885,3211928.0
226886,3359932.0
226887,3475920.0
226965,20778045.0
226966,450000.0
226967,450000.0
226968,450000.0
226969,450280.0
226970,485000.0
226971,776400.0
226972,487483.62
226973,500000.0
226974,550000.0
226976,752617.28
226978,1066850.0
226979,61320.7
226980,190.92
226983,1999887.04
226984,3640000.0
226985,3775000.0
226986,2025834.0
226987,267000.0
226988,4143000.0
226991,6975000.0
227015,36819.0
227016,5985.0
227033,28500.0
227034,18012.0
227075,112825.0
227076,113000.0
227077,125000.0
227078,159950.0
227079,176509.81
227080,200000.0
227081,255027.75
227082,485919.73
227083,679000.0
227084,727730.19
227108,44851837.54
227110,765000.0
227169,20197.0
227170,25230.71
227171,42914.0
227172,15148.0
227173,19304.8
227174,49672.5
227175,19293.0
227176,15938.0
227177,1600000.0
227178,1644350.1
227179,2068784.35
227180,2351662.79
227181,1478600.78
227182,1021572.24
227216,798140.15
227217,382096.23
227218,388874.16
227219,399118.11
227220,503642.63
227221,638569.67
227222,780474.25
227223,1599503.3
227226,9434476.95
227284,283614.13
227285,418194.5
227286,2050000.0
227287,2325000.0
227288,5680163.13
227289,2720000.0
227290,185073.0
227291,270044.0
227292,130845.36
227293,118425.0
227306,50000.0
227307,50000.0
227308,1750000.0
227311,59963.0
227313,4913.0
227314,33000000.0
227315,33000000.0
227316,130000000.0
227317,130000000.0
227318,65000000.0
227319,65000000.0
227347,909985.0
227348,899935.0
227349,799985.0
227350,825331.0
227351,497985.0
227352,29941.93
227353,713516.98
227354,69847.5
227356,239347.0
227357,239727.0
227358,216505.0
227359,14930.02
227360,205537.0
227361,207024.0
227362,206947.0
227377,50990.0
227378,37982.0
227379,174800.0
227380,12085.13
227381,177490.0
227382,20750.0
227383,39640.0
227384,27990.0
227385,115490.0
227386,128990.0
227387,95490.0
227388,100990.0
227389,99100.0
227390,39956.2
227391,75956.2
227392,323166.2
227393,29605.96
227394,20180.3
227395,13058.83
227396,8703.76
227397,69130.86
227398,97165.06
227399,31551.36
227400,38125.27
227401,126951.08
227402,60559.02
227403,29385.98
227404,148781.29
227405,103467.26
227406,105762.27
227407,655139.3
227408,3024637.3
227409,1131709.89
227410,154990.0
227411,169990.0
227413,9824395.94
227418,270.0
227419,1500.0
227420,8350.0
227421,3900.0
227422,3500.0
227423,1520.0
227424,5000000.0
227437,13000680.0
227444,200000.0
227445,200000.0
227446,300000.0
227447,1500000.0
227448,565590.61
227449,3000000.0
227450,466000.0
227451,452000.0
227452,301506.88
227453,375638.0
227462,2000000.0
227463,2090029.37
227464,2840000.0
227465,2870000.0
227466,9375845.0
227467,10212877.0
227468,14265948.67
227483,520000.0
227488,164300.0
227489,1523991.16
227490,2800067.58
227491,2810854.4
227492,3200000.0
227493,4784466.0
227494,5300000.0
227495,14708000.0
227496,21000000.0
227497,66316000.0
227498,1786929.08
227499,1739599.0
227500,2533000.0
227501,4077000.0
227502,24087154.93
227503,11213998.97
227504,225000.0
227505,8043761.35
227506,12147000.0
227507,16675112.37
227508,16919433.13
227509,119548134.62
227510,144248997.85
227511,162381261.0
227515,47000.0
227516,97860.2
227517,17280.0
227518,169579.56
227520,5522.94
227521,1125286.33
227522,1015000.0
227523,150000.0
227524,450000.0
227538,39585483.0
227539,9576522.0
227550,250000.0
227551,1000000.0
227554,2281.79
227555,13980.0
227556,76000.0
227559,356808.04
227561,1362795.74
227562,7230973.63
227563,1025160.0
227564,4999955.0
227566,1438011.08
227567,1500185.0
227568,2699154.6
227569,1700000.0
227570,2760075.0
227571,4266217.0
227572,2746414.0
227587,582200.0
227588,23949430.3
227589,6287228.28
227590,412206.83
227591,13330874.35
227592,590320.33
227593,6319834.24
227597,661077.47
227598,1000000.0
227599,2433262.0
227600,1558248.21
227601,1742329.89
227602,1792200.0
227603,3733968.8
227604,1000000.0
227605,1279972.0
227606,1319744.77
227607,1575000.0
227608,1493968.0
227609,3250049.78
227610,3351053.37
227611,6176048.0
227612,40818059.8
227634,120133.2
227635,310500.0
227636,407000.0
227637,248000.0
227638,275000.0
227639,274000.0
227640,245000.0
227641,251000.0
227713,2000.0
227714,1980.0
227715,4500.0
227716,14900.0
227717,29859.0
227718,100000.0
227719,100000.0
227720,150000.0
227721,377238.27
227722,1323430.0
227767,60000.0
227778,10000.0
227779,5162470.1
227780,61192.0
227782,3224.22
227783,168974.55
227784,100000.0
227785,5100000.0
227830,1836639.0
227831,2073716.31
227832,1586492.0
227833,2487862.59
227835,3128412.9
227836,5158505.77
227837,9602143.7
227838,9750000.0
227839,9812877.96
227945,379885.0
227946,408202.0
227947,442210.46
227948,452317.4
227951,497850.0
227976,4632546.5
227977,6133860.03
227978,7722872.88
227979,7832341.0
227980,8758411.27
227981,9139992.68
228066,45671.0
228067,999000.0
228068,1049080.0
228069,1251050.0
228070,1350000.0
228071,1374000.62
228072,1680090.0
228076,5000000.0
228077,45671.0
228078,139935.0
228079,142940.0
228080,200000.0
228081,214975.0
228082,237828.0
228083,242389.0
228084,349950.0
228085,499048.76
228086,500000.0
228087,766670.0
228104,3750.0
228149,7225.7
228284,5865.98
228285,328699.0
228288,24287.5
228289,26774.64
228290,200000.0
228291,15000.0
228292,10000.0
228293,350000.0
228294,350000.0
228295,15000.0
228296,10000.0
228297,200000.0
228298,200000.0
228299,15000.0
228300,200000.0
228301,500000.0
228302,500000.0
228303,500000.0
228304,500000.0
228333,2926512.63
228342,202472.0
228343,167195.46
228348,394327.5
228349,345561.5
228350,330035.0
228351,320035.0
228352,229676.4
228353,761120.95
228354,572023.03
228387,1363061.47
228388,3046968.67
228389,3062013.33
228390,3527340.13
228391,94474.33
228392,500000.0
228393,71030.0
228394,250000.0
228395,200000.0
228396,200000.0
228397,100000.0
228398,187000.0
228399,330000.0
228400,171000.0
228401,496000.0
228402,307000.0
228403,310000.0
228404,502000.0
228405,631000.0
228406,773000.0
228407,600000.0
228408,515000.0
228409,449975.0
228412,311000.0
228413,532000.0
228414,574000.0
228415,401000.0
228416,904500.0
228418,995000.0
228419,267500.0
228420,320019.0
228421,255000.0
228422,257500.0
228423,249498.0
228424,233120.0
228425,829000.0
228438,500000.0
228440,339.89
228441,348.87
228442,359.1
228443,558.4
228444,808.57
228445,810.0
228446,819.99
228447,976.26
228448,1291.91
228449,1565.38
228450,1630.04
228451,1725.06
228452,2250.58
228453,2532.91
228454,2585.27
228455,2950.0
228456,3290.0
228457,3661.96
228458,3865.77
228459,4367.55
228460,7013.79
228461,11208.06
228462,80138.0
228463,80488.0
228464,101688.0
228465,115788.0
228466,96960.0
228467,126510.0
228468,175280.0
228469,230090.0
228470,275.0
228471,412.0
228472,640.0
228473,877.0
228474,1017.0
228475,1031.0
228476,1260.0
228477,1480.0
228478,2003.0
228479,2066.0
228480,2595.0
228481,2773.0
228482,1197000.0
228483,20000.0
228484,100000.0
228485,180000.0
228486,190000.0
228489,1576347.57
228490,603734.31
228491,1656316.04
228492,634361.88
228493,1651275.54
228494,632431.4
228495,1586519.14
228496,607629.97
228497,434.0
228498,92200.0
228499,148000.0
228500,150300.0
228502,4950.97
228503,5049.03
228504,10000.0
228505,10000.0
228506,9621.66
228507,10000.0
228509,45000.0
228510,755.0
228512,510000.0
228513,11343.14
228521,8969209.73
228522,9443258.7
228525,1450000.0
228578,8450.0
228579,410000.0
228581,1065837.1
228582,419069.0
228583,1148748.0
228584,39975.0
228585,360000.0
228587,4000000.0
228589,289990.6
228590,1250000.0
228591,9180000.0
228597,12030.0
228598,1862149.24
228599,2638392.04
228600,28445928.96
228676,4000.0
228677,2400.0
228679,5000.0
228680,25000.0
228702,3600000.0
228704,1000000.0
228705,826949.0
228813,10915000.0
228825,201859.8
228854,6200.0
228855,53520418.3
228865,93701.79
228866,203112.1
228870,100000.0
228880,150000.0
228881,40000.0
228970,2600000.0
228971,1000000.0
228972,9391000.0
229018,94000000.0
229019,5000000.0
229020,5000000.0
229021,280000.0
229033,19322.59
229077,150090.0
229083,1085000.0
229096,14502.2
229097,30000.0
229098,20000.0
229099,30000.0
229101,150365.71
229102,192918.0
229103,463947.73
229120,52413.82
229132,62629.47
229133,109232.39
229134,86241.6
229135,142484.23
229136,107839.59
229137,80986.87
229138,115100.0
229139,105116.11
229140,67863.57
229141,39026.56
229142,25500.0
229143,17000.0
229144,11500.0
229145,291000.0
229146,50000.0
229147,68000.0
229148,58500.0
229149,80000.0
229150,574000.0
229151,181500.0
229152,175000.0
229153,110000.0
229154,123400.0
229155,719950.0
229156,261300.0
229157,240440.0
229158,200000.0
229159,62416.0
229160,210000.0
229161,511182.0
229162,185404.93
229163,608900.0
229164,3098700.0
229165,8500000.0
229166,4328.82
229171,3305000.0
229172,900000.0
229173,108078.92
229174,7089455.16
229175,3714816.06
229176,391040.09
229201,455040.0
229238,2367375.0
229299,7512170.0
229305,590.0
229306,8306.6
229391,75807.71
229392,98148.19
229393,75403.79
229394,56188.93
229396,379737.6
229397,404450.0
229398,463076.14
229399,500000.0
229400,600000.0
229401,907500.0
229402,1000000.0
229403,1101111.0
229404,1388230.0
229405,1515165.6
229414,3120.0
229415,3150.0
229416,2037.0
229417,1868.0
229418,3468.0
229422,6779.86
229423,11787.2
229424,76000.0
229425,60690.0
229431,66708.93
229432,101365.8
229433,108955.0
229434,153097.28
229435,172726.49
229460,18892.22
229484,1172683.0
229485,49132978.0
229486,30243451.0
229497,3976956.23
229498,4560581.13
229499,4748761.44
229500,5000000.0
229501,6464794.63
229502,10000000.0
229504,16820000.0
229506,511999962.5
229507,134030.0
229508,155000.0
229509,2289240.0
229510,2480000.0
229511,2757893.5
229512,1618000.0
229513,2829522.83
229514,15886900.0
229516,100000.0
229517,1799700.0
229518,4920000.0
229520,2253958.33
229521,3425218.75
229522,1397821.25
229523,2081430.56
229524,191757.0
229525,214672.0
229526,21428.0
229527,113137.0
229528,15362.0
229529,37472.0
229530,190072.0
230105,15000.0
230106,20000.0
230107,10000.0
230108,13000.0
230110,7000.0
230111,5500.0
230112,2500.0
230113,2000.0
230114,10000.0
230115,608.0
230116,5120.0
230117,180.0
230118,1105.0
230119,270.0
230120,370.0
230121,1600.0
230122,5500.0
230123,400.0
230124,1095.0
230125,3000.0
230126,4000.0
230127,5000.0
230128,4000.0
230129,65000.0
230130,12996.0
230168,4780.0
230173,6000.0
230180,1245000.0
230181,4956000.0
230182,2160.0
230183,21920.0
230184,30601.84
230185,62500.0
230186,15000.0
230187,2567000.0
230188,350000.0
230189,390000.0
230202,560585.29
230211,200000.0
230212,250000.0
230253,5781800.0
230306,25000.0
230374,249985.0
230419,150000000.0
230420,3505035.83
230421,4205000.0
230422,3754654.0
230423,4260000.0
230424,9692789.7
230425,12386799.0
230426,5801164.84
230427,9070816.79
230428,24172000.0
230429,24540141.23
230442,3000000.0
230443,3035863.55
230444,7900000.0
230446,40000000.0
230447,40050410.96
230448,207500000.0
230449,3038906.03
230450,33599900.0
230451,179700000.0
230452,49700000.0
230516,400300.0
230517,2124000.0
230519,2120000.0
230825,905880.0
230826,2234366.0
230827,7438873.0
230828,7540500.0
230830,8455633.0
230832,100000.0
230833,101041.0
230834,109946.0
230835,162940.0
230861,2499902.35
230864,5500000.0
230888,52345693.4
230924,49999.0
230925,49999.0
230926,49999.0
230927,49999.0
230928,164840.0
230929,177044.0
230930,200000.0
230931,211695.24
230932,227402.0
230933,239985.0
230934,248500.0
230935,286910.0
230936,444287.0
230937,919300.0
230938,45410.0
230939,49895.0
230940,52376.5
230941,68691.48
230944,87780.0
230951,24800.0
230952,37191.15
230953,65030.0
230954,100000.0
230955,100347.0
230956,120025.0
230958,1762700.0
230959,3804798.15
230964,26523230.47
230988,644700.0
230991,2000000.0
230992,3105000.0
230993,9500000.0
230994,18384109.97
230995,9024584.4
230996,39199933.78
230997,145500000.0
231029,21600000.0
231031,39237272.0
231032,5369843.0
231042,500001.0
231043,200000.0
231044,55000.0
231045,550000.0
231046,1600000.0
231047,50000.0
231048,100000.0
231049,1143442.62
231050,70.83
231051,1106557.38
231052,2500000.0
231053,200000.0
231054,200000.0
231055,2500000.0
231056,1000000.0
231057,191000.0
231058,5018000.0
231059,901140.0
231060,59690.0
231061,135820.0
231062,263860.0
231063,565490.0
231064,193020.0
231065,356290.0
231066,259300.0
231067,410690.0
231068,352110.0
231069,380100.0
231070,245630.0
231071,130000.0
231072,129210.0
231073,1074880.0
231074,528410.0
231075,909620.0
231076,134890.0
231077,628460.0
231079,3000000.0
231080,35000000.0
231081,4000000.0
231082,43400000.0
231083,25510266.29
231084,124639951.86
231169,200000.0
231170,2050000.0
231171,15000000.0
231172,3203780.82
231173,3759301.37
231195,28535.0
231197,30050.0
231198,43245.0
231199,55010.07
231200,70000.0
231201,100000.0
231202,116228.95
231203,207000.0
231204,1100000.0
231243,499975.0
231245,1019975.0
231246,196499.45
231247,203400.0
231248,300000.0
231249,336133.45
231250,1100000.0
231252,17878000.0
231253,2236.16
231254,2500.0
231255,3000.0
231257,5500.0
231258,6010.0
231259,7000.0
231260,8985.0
231261,10000.0
231265,20260.0
231266,8115.0
231267,129541.37
231268,200000.0
231269,310435.89
231270,100000.97
231271,227941.91
231272,350000.0
231273,175000.0
231274,1556349.0
231275,53485.2
231277,100000.0
231278,9852222.06
231279,1227966.06
231280,16294910.79
231307,277804.24
231308,989473.91
231310,759681.0
231311,71352.33
231312,19927563.75
231313,6243.99
231314,400000.0
231315,775000.0
231317,2942500.0
231326,53750.0
231327,63464.0
231328,102385.5
231329,1779903.99
231353,70748.0
231354,1237163.0
231373,99950.0
231374,200000.0
231375,300000.0
231376,40000.0
231377,100000.0
231378,120000.0
231379,6903833.0
231380,237087.0
231381,2045570.0
231382,175000.0
231383,3250000.0
231384,2237623.0
231385,13325.0
231386,450000.0
231387,650000.0
231388,300000.0
231822,3950965.62
231823,250000.0
231825,532600.0
231826,1000000.0
231827,1365000.0
231828,719000.0
231902,781000.0
231903,246540.0
231904,80345.03
231905,34634.0
231906,34500.0
231907,65093.71
231908,27000.0
231909,35475.0
231910,35625.0
231911,14335.5
231928,200000.0
231929,93700.0
231930,39830.0
231931,83300.0
231932,49200.0
231933,32850.0
231934,131350.0
231935,32835.0
231936,21335.0
231937,32485.0
231938,19435.0
231939,20485.0
231946,136538959.88
231947,13845.75
231948,336828000.0
231949,8024647.0
231950,202116372.42
231952,300000000.0
231953,73534359.87
231954,98034.6
231955,2000000.0
231961,29000000.0
231963,37733084.0
231995,1128500.0
231997,1628505.29
231998,2576982.16
231999,234238.76
232000,254731.73
232001,153936.98
232002,109980.34
232003,142877.02
232004,136264.26
232005,118117.2
232006,499990.12
232129,14949.63
232130,8047.26
232131,10625.16
232132,12913.42
232133,30655.16
232134,105371.41
232135,420000.0
232151,236735.0
232152,270150.0
232153,299939.0
232154,330000.0
232155,394000.0
232156,399650.0
232172,3000000.0
232173,3899975.0
232174,4150000.0
232175,4258807.48
232176,4499946.5
232177,5400000.0
232178,5850158.46
232179,7600000.0
232180,8686480.0
232181,31000000.0
232317,104185.0
232318,118602.12
232319,119936.0
232321,165776.52
232322,200041.6
232347,327999890.0
232348,59951.0
232349,60351.0
232350,74980.0
232351,99480.0
232352,99882.0
232353,99976.0
232354,99980.0
232355,141193.0
232356,199860.0
232357,414832.0
232572,264631.0
232573,350000.0
232574,429792.0
232575,545000.0
232576,914512.0
232577,1375000.0
232578,1563918.0
232579,1592810.0
232580,1680000.0
232592,44146.78
232593,44963.49
232594,45087.78
232595,29159.89
232596,24197.69
232597,61608.88
232598,84233.91
232599,91963.51
232600,100000.0
232601,11987.95
232630,1149820.0
232642,1600000.0
232644,56319000.0
232708,258841.41
232709,290000.0
232710,310000.0
232711,414417.54
232712,426170.0
232713,504494.3
232714,800000.0
232715,375000.0
232716,943480.0
232730,831046.62
232731,873205.81
232732,870548.48
232733,836409.05
232734,353.06
232735,35000.0
232736,2397.0
232737,5445.82
232738,3016.0
232739,99500.0
232740,9880.0
232741,630000.0
232742,30.68
232743,64.9
232744,113342.52
232745,90000.0
232746,217.12
232747,2368493.15
232749,13105247.57
232750,104000.0
232767,2533555.0
232768,2666008.84
232769,2673000.0
232770,30000.0
232771,3159890.0
232772,2557005.1
232773,6085578.95
232774,7999910.0
232775,10849983.0
232776,14246763.0
232777,44418271.0
232821,3745371.0
232822,2231000.0
232823,2532146.4
232824,100000.0
232825,150000.0
232826,50000.0
232827,150000.0
232828,160000.0
232829,100000.0
232830,2365000.0
232831,53800000.0
232834,13423110.0
232835,11320000.0
232836,22520000.0
232837,28454144.11
232838,31000000.0
232839,17000000.0
232840,52420000.0
232841,67858091.62
232842,71545780.72
232843,100000000.0
232846,5115000.0
232898,300000.0
232899,600000.0
232900,200000.0
232901,900000.0
232902,277307.29
232903,945000.0
232904,8524.08
232905,1354708.61
232906,1114906.08
232907,2975.0
232908,293248.05
232909,750000.0
232910,1160000.0
232911,500950.0
232912,500000.0
232913,4000000.0
232914,8000000.0
232915,3000000.0
232916,3000000.0
232917,1500000.0
232918,2500000.0
232919,4000000.0
232982,1961821.0
232983,7769.89
232984,4156320.0
233013,501900.0
233014,498100.0
233016,366000.0
233017,100000.0
233018,266000.0
233019,266000.0
233020,282000.0
233021,298000.0
233022,268916.56
233023,270000.0
233024,505000.0
233026,90305.95
233095,14507000.0
233096,15435035.0
233097,20270988.09
233099,97500000.0
233101,95000000.0
233254,41150.0
233256,1050000.0
233257,249000.0
233258,2486.23
233259,19964.06
233260,78822.1
233263,20224.52
233264,76790.59
233266,50000.0
233267,3465.0
233269,1277.3
233270,1312.6
233282,1596567.0
233283,2138881.5
233284,107000.0
233285,744000.0
233286,696000.0
233287,683550.0
233288,1400000.0
233289,699955.0
233290,2614834.39
233291,2256567.9
233292,49964.2
233293,49964.2
233294,49964.2
233295,129964.2
233296,99964.2
233297,199964.2
233298,150000.0
233299,399964.2
233300,42965.0
233301,85955.0
233302,83705.0
233303,85955.0
233304,85955.0
233305,40549.0
233306,166282.5
233307,81455.0
233308,81455.0
233309,81455.0
233310,39340.0
233311,25417.87
233312,134469.88
233313,42039.88
233314,147137.08
233315,112556.04
233316,11378.61
233317,17710.36
233318,7622.86
233319,57345.78
233320,6543.2
233321,10871.11
233322,15617.38
233323,15220.77
233324,88848.75
233325,89224.75
233326,92270.75
233327,203747.75
233328,258461.84
233329,120086.72
233330,252971.08
233331,51513.28
233332,29840.72
233333,127308.45
233334,56942.48
233335,140889.95
233336,70277.5
233337,62086.5
233338,10821.42
233339,92824.15
233340,13698.0
233341,58815.9
233342,95437.8
233343,61764.3
233344,59472.9
233345,62190.9
233346,213808.32
233347,114410.85
233348,99585.15
233349,52654.1
233350,159780.42
233351,124467.03
233352,44135.4
233353,170371.45
233354,222086.98
233355,121606.19
233356,65471.15
233357,42238.59
233358,122971.71
233359,93709.23
233360,148847.44
233361,152518.78
233362,87674.22
233363,58742.0
233364,95165.95
233365,115000.0
233366,70000.0
233367,96857.32
233368,42471.27
233369,151170.36
233370,56045.01
233371,62328.64
233372,134714.2
233373,577464.2
233378,7300000.0
233379,32840664.28
233380,4999889.25
233381,7140.0
233382,680000.0
233383,1000000.0
233384,620000.0
233386,4282057.88
233387,750.0
233388,3000000.0
233389,1075.0
233391,750.0
233392,4395000.0
233393,1618800.0
233394,3597500.0
233395,2895000.0
233396,10036000.0
233397,3586200.0
233398,7949880.0
233399,4758000.0
233400,3460000.5
233401,3825030.0
233402,2550000.0
233403,648750.0
233404,10440000.0
233405,8140.0
233406,999982.8
233407,10000000.0
233408,251282.4
233409,22707.69
233410,41062.14
233412,121185.0
233414,457984607.0
233415,223333000.0
233416,239940000.0
233417,149949.18
233418,1630434.78
233419,2900000.0
233421,8499977.0
233422,15000000.0
233424,11416953.96
233425,11238365.0
233426,106666667.0
233452,230000.0
233453,218800.0
233454,4572273.25
233455,1321500.0
233456,142497.0
233457,54997.31
233458,645160.0
233459,28251.45
233460,199881.23
233461,8260868.05
233462,4774344.81
233463,911766.45
233464,5000000.0
233465,6025100.0
233466,15487914.95
233467,16897280.0
233468,64091396.78
233469,90000000.0
233470,90000000.0
233471,5300000.0
233472,8698041.0
233473,11290572.0
233474,18406849.55
233653,2040000.0
233655,2000000.0
233660,18061500.0
233661,41553000.0
233664,50000000.0
233665,70004401.5
233666,4999985.0
233679,2000000.0
233682,9000.0
233683,9986.41
233684,353198.0
233688,923300.0
233712,555409.92
233713,894006.0
233714,1201900.23
233716,1481335.25
233717,1798200.0
233718,1853085.36
233719,3186505.32
233720,3186505.32
234078,1056774.07
234079,52087.9
234213,85615750.67
234214,102409321.76
234215,3779.35
234216,254830996.1
234265,100000.0
234266,40000.0
234268,304300.0
234269,2863000.0
234270,400000.0
234271,900000.0
234272,388499.86
234273,2573057.2
234274,193020.0
234293,2741500.0
234294,3240000.0
234295,3397070.0
234296,3500000.0
234297,3561111.36
234298,2993552.18
234300,5870272.71
234301,4967922.12
234302,15457176.81
234427,273508.92
234428,305000.0
234429,392760.0
234430,503808.82
234431,561180.0
234432,682987.29
234433,700000.0
234434,800000.0
234435,570000.0
234436,8697026.81
234441,900000.0
234442,1200000.0
234443,373180.0
234444,902000.0
234445,1866501.98
234446,1420000.0
234447,2247010.0
234448,45800.0
234449,2598750.0
234450,5952200.0
234467,33000000.0
234468,45000000.0
234469,50.97
234474,11500000.0
234475,57356000.0
234476,10000000.0
234515,2746.6
234532,149780.0
234533,149925.0
234535,179885.0
234536,199880.0
234537,256631.0
234538,289800.0
234539,454860.0
234540,489285.0
234542,200000.0
234543,208500.0
234544,220000.0
234545,250000.0
234546,300000.0
234547,320000.0
234548,353073.34
234549,431856.2
234550,438548.0
234595,5000.0
234596,15600.0
234648,239313.61
234677,27905.0
234678,29500.0
234679,37995.17
234680,110000.0
234682,1325000.0
234683,1520493.14
234684,176131.04
234685,15009707.96
234686,10000.0
234687,3000.0
234688,24600.0
234689,18000.0
234691,121.67
234700,2521890.79
234701,3000000.0
234702,3333547.67
234703,3681782.4
234704,3031068.49
234705,5200000.0
234706,7190084.0
234707,28750000.0
234708,19000000.0
234709,30000000.0
234710,123761.44
234711,143312.0
234712,447777.2
234714,500000.0
234716,1171440.0
234717,1560000.0
234718,1624591.66
234719,111491575.73
234720,26000.0
234721,1559.31
234722,5086.31
234723,10000.0
234724,10000.0
234725,13973.27
234726,10100.0
234727,14270.0
234728,300000000.0
234738,872000.0
234739,875000.0
234740,1000000.0
234741,1042854.36
234742,1154000.0
234743,1243717.0
234744,2103000.0
234745,5600000.0
234746,800000.0
234747,5550000.0
234748,7000000.0
234749,7000289.6
234750,36162010.58
234751,40289400.0
234754,89676.0
234763,99965.0
234764,124955.0
234765,167450.0
234766,179930.0
234767,195885.0
234768,199965.0
234769,214895.0
234770,605792.86
234771,593707.27
234772,656050.0
234773,595923.16
234774,849353.89
234839,739092.97
234840,1135846.0
234845,300000.0
234846,300000.0
234847,335000.0
234848,350000.0
234849,400000.0
234850,410209.66
234851,600000.0
234852,794990.58
234853,900000.0
234854,1850000.0
234855,8500000.0
234866,1596000.0
234876,4499984.0
234905,41440000.0
234906,53038001.0
234907,712500.0
234908,716763.93
234909,733710.86
234910,778980.0
234911,1148457.07
234912,1281000.0
234913,2024000.0
234914,1262699.0
234915,975965.0
234917,2373935.0
234918,2389927.14
234919,2610855.0
234920,2992822.35
234922,4416616.0
234923,5973690.73
234924,8100000.0
234925,9180781.0
234944,873200.0
234945,941959.0
234946,970485.0
234947,1549000.0
234948,1804500.0
234949,1900000.0
234950,2139958.0
234951,3092000.0
234952,6167106.88
234954,2574288.0
234955,5632200.0
234956,5662250.0
234957,2732949.79
234958,1861096.0
234959,2499832.0
234960,7139955.5
234961,2083127.25
234990,9275078.0
234993,7866140.12
234994,1562551.0
234995,1660000.0
234996,2163331.51
234997,696532.5
234998,628320.0
234999,1839032.0
235000,2353419.66
235001,7074070.54
235002,8703160.46
235015,4785000.0
235017,5907961.86
235018,4094155.24
235019,3355343.73
235020,3673345.97
235021,17000000.0
235022,19864873.13
235023,24850000.0
235024,30000000.0
235033,17170423.1
235034,20563979.55
235035,32003453.33
235036,43730000.0
235037,52517744.0
235038,87522876.11
235039,350082732.0
235107,12000.0
235108,499974.0
235109,1878000.0
235110,3578400.0
235111,10540597.23
235115,38475.0
235116,49987.0
235117,50000.0
235118,345351.0
235119,500000.0
235120,500000.0
235121,524536.33
235122,40000.0
235123,156170.0
235124,200000.0
235125,3800000.0
235126,10000000.0
235128,3700673.48
235129,5182956.0
235130,5997346.0
235132,7436900.0
235133,10406188.47
235135,4500000.0
235137,2275000.0
235138,2327427.4
235139,2354244.26
235140,2450000.0
235141,3012000.0
235142,3286361.43
235143,20000000.0
235144,4980454.53
235145,4882024.5
235146,3687585.01
235147,3999980.0
235148,8108725.87
235150,5400000.0
235151,64539919.22
235152,6600000.0
235153,22316123.09
235154,41836966.42
235165,4075.0
235166,5950.0
235167,7506.21
235168,11157.04
235169,15465.16
235170,17118.43
235171,23070.42
235172,250000.0
235173,7279725.0
235174,7500000.0
235175,9494000.0
235176,10000000.0
235177,12813261.22
235178,11000000.0
235179,7000000.0
235180,39200000.0
235181,3000000.0
235182,3266106.99
235183,2970000.0
235184,3900000.0
235185,4029844.28
235190,1654691.44
235191,1953249.53
235192,2334327.39
235193,2515695.0
235194,2814385.97
235195,3975933.96
235196,2661823.94
235197,4398096.13
235198,2172150.0
235199,16206371.32
235215,150000.0
235216,150000.0
235219,200000.0
235220,150000.0
235221,370950.0
235222,451267.0
235224,401441.0
235225,409290.0
235238,155000.0
235239,1540400.0
235240,369940.0
235241,13376170.0
235242,1026110.0
235244,517500.0
235245,800000.0
235246,620000.0
235247,480000.0
235248,1827215.0
235249,380000.0
235250,26928045.16
235251,98085.76
235252,204500.0
235253,280828.0
235254,328745.0
235255,459764.0
235256,846135.0
235257,1426723.0
235259,599980.0
235260,645700.0
235261,655000.0
235262,906120.0
235263,1045000.0
235264,920000.0
235265,1243025.0
235266,1838624.0
235267,2773000.0
235268,2804215.72
235269,1135020.8
235270,350000.0
235271,720591.0
235272,326400.0
235273,483460.0
235274,483460.0
235275,1499693.0
235276,331459.5
235277,1031525.0
235278,99976.5
235279,259160.27
235280,237688.05
235281,3891624.62
235283,1489472.83
235284,6900000.0
235285,15240000.0
235286,700000.0
235287,18700000.0
235290,22500000.0
235291,11952370.0
235292,15420400.0
235294,16120481.0
235299,181600.35
235300,200000.0
235301,258900.0
235302,537665.73
235303,431000.0
235304,700000.0
235305,823000.0
235306,464648.0
235307,354801.6
235308,1393300.0
235309,443345.0
235310,730764.99
235311,1521094.81
235312,397544.6
235313,65205.0
235314,232465.0
235315,183955.0
235316,49990.0
235317,471630.0
235318,619950.0
235319,610255.0
235327,21893.15
235328,165174.0
235329,22636.0
235331,97940.0
235332,1601865.39
235333,204986.39
235334,243750.0
235335,1623600.0
235336,32500000.0
235337,1089918.0
235338,817399.0
235341,1012080.0
235342,1078126.0
235343,5557987.0
235344,1762797.0
235345,5852134.0
235346,1353820.0
235350,11709.93
235351,4600.0
235352,4145.35
235494,556355.0
235497,1046936.0
235498,1569990.0
235499,655556.0
235500,1539216.18
235501,6139040.0
235502,815684.03
235503,200000.0
235505,5791055.21
235506,6500000.0
235507,9450000.0
235509,3840000.0
235510,2602752.03
235511,9961865.7
235512,3517798.84
235513,23660116.85
235514,2590000.0
235515,150000.0
235516,150000.0
235517,79974.0
235518,79974.0
235519,179026.57
235520,250000.0
235521,170428.0
235522,363900.0
235523,369500.0
235524,2405655.96
235545,563009.78
235546,533541.0
235547,573136.93
235548,615996.34
235549,920000.0
235550,440000.0
235551,1002659.75
235552,828763.47
235555,43180.5
235556,160339.66
235557,44095.38
235558,40000.0
235559,45394.08
235560,95280.0
235561,97500.0
235562,150066.0
235563,37984.0
235564,80200.0
235565,280000.0
235566,6000000.0
235567,6400000.0
235568,8000000.0
235569,8001000.0
235570,9344935.41
235571,18018680.0
235572,3500000.0
235573,8000000.0
235574,8000000.0
235575,7685000.0
235576,15039000.0
235577,202500000.0
235647,9997480.0
235648,11480211.09
235652,2191912.93
235653,2260000.0
235654,6750000.0
235655,5290000.0
235656,6000000.0
235657,6318300.0
235658,4562250.0
235659,6511205.0
235660,8894282.84
235661,10878851.66
235662,23865029.17
235675,25465517.71
235677,55355804.72
235681,665657.56
235682,531159.9
235683,465994.71
235684,591686.4
235685,1464239.43
235686,215325.49
235687,971254.64
235688,1586382.01
235689,1391814.73
235690,1300000.0
235691,3134934.12
235692,3254855.38
235693,400000.0
235694,477018.6
235695,496270.2
235696,500000.0
235697,691167.0
235698,703000.0
235699,727936.0
235700,776500.0
235701,2761523.0
235703,440000.0
235706,5465582.0
235715,1080000.0
235716,1399934.0
235717,1250253.0
235718,1467500.0
235719,1649757.0
235720,1844000.0
235721,5160000.0
235722,5250000.0
235723,8495000.0
235724,20000000.0
235732,124965.0
235733,102283.5
235734,30050.0
235735,9933.0
235736,9968.0
235737,9984.0
235738,56225.0
235739,207394.0
235742,10485.0
235743,16345.0
235744,10300.0
235745,40000.0
235746,13668.0
235747,275000.0
235748,200000.0
235958,6478000.0
235959,2500000.0
235961,91917.81
235962,205895.9
235963,528392.77
235964,38150.0
235965,927170.88
235966,35000000.0
235967,29211844.05
235968,22624000.0
235969,27202347.0
235970,37000000.0
235971,28400000.0
235972,33006793.32
235973,31900000.0
235974,54297237.53
235975,83950000.0
235997,99980.0
235998,882720.0
235999,76493.0
236001,1300000.0
236002,1599000.0
236003,1875020.0
236004,2000000.0
236005,2713800.0
236006,2793683.76
236025,1000000.0
236026,1350000.0
236027,6200000.0
236028,5157150.7
236029,1489596.79
236030,100000000.0
236031,1480000.0
236032,23503146.26
236033,2037267.76
236034,10000000.0
236035,13025.0
236037,21129.5
236039,133920.0
236040,249036.27
236041,102010.0
236042,148630.0
236043,161357.6
236044,160000.0
236045,227953.37
236046,227869.01
236048,128464.0
236050,270105.0
236051,88000.0
236053,150000.0
236054,250000.0
236055,15000.0
236056,500000.0
236057,31500.0
236058,1000000.0
236059,1100000.0
236060,2955.88
236061,10008596.43
236062,3077.76
236063,41590375.0
236064,41589445.0
236065,41464205.0
236066,41303857.0
236067,41233129.0
236068,39379326.0
236069,41590375.0
236070,41589445.0
236071,41464205.0
236072,41303857.0
236073,41233129.0
236074,39479326.0
236075,170000.0
236076,170000.0
236077,1885000.0
236078,4750000.0
236079,4750000.0
236080,1575000.0
236081,1636315.72
236083,1826454.0
236084,1934553.48
236085,2452651.86
236086,3000000.0
236087,2895000.0
236088,5037824.59
236089,11534000.0
236177,28000.0
236178,20000.0
236179,40000.0
236180,40000.0
236181,30000.0
236182,40000.0
236184,119400.0
236185,25000.0
236186,2670000.0
236193,61762.0
236194,11200.0
236211,235954.18
236212,39000.0
236213,200750.0
236214,19500.0
236319,1759593.09
236320,2499949.58
236321,1529662.9
236322,1488064.71
236323,2452871.0
236324,1420615.5
236325,4552102.28
236326,3967550.0
236351,2300000.0
236352,360600.0
236353,1482000.0
236354,500000.0
236355,604812.0
236356,968898.0
236357,600000.0
236359,22100000.0
236361,1000000.0
236362,1000000.0
236363,1000000.0
236364,1307000.0
236365,1100147.0
236366,1210000.0
236367,1978656.0
236368,1213092.16
236369,1899800.0
236371,16595000.0
236396,1082748112.02
236439,281459.0
236440,339793.0
236441,550000.0
236442,557812.0
236485,349905.0
236486,99932.51
236487,29935.0
236488,99935.0
236489,364905.0
236490,129905.0
236491,399905.0
236492,49935.0
236493,210000.0
236494,18000.0
236495,25000.0
236496,26000.0
236497,60000.0
236498,205000.0
236499,180000.0
236500,150000.0
236501,410000.0
236502,299905.0
236503,499905.0
236504,735000.0
236505,1606000.0
236506,100000.0
236507,1734000.0
236508,53939.5
236509,199905.0
236510,1000000.0
236512,499905.0
236513,699905.0
236514,10680000.0
236532,4662.0
236533,30000.0
236534,109452.0
236535,28965.0
236735,1082667.5
236744,595734.0
236745,120960.0
236746,2000000.0
236748,6000000.0
236749,148089.0
236759,734350.0
236760,8000000.0
236761,3537000.0
236762,3484000.9
236763,1000000.0
236764,3072485.34
236765,3000000.0
236766,3827.25
236767,11723.1
236768,1067.91
236769,587.09
236770,4550.0
236771,680.0
236772,123208.0
236773,266515.0
236774,6797.8
236775,14500.0
236776,395.5
236777,1770.0
236778,2000000.0
236779,200000.0
236780,6602.27
236818,3134.0
236819,3134.0
236820,3134.0
236842,4232398.45
236853,626212.97
236878,2000000.0
236879,33550000.0
236880,19200000.0
236881,22000000.0
236882,2800000.0
236883,4000000.0
236929,3081.66
236930,1114555.0
236931,1053570.0
236933,120500.0
236934,526038.93
236935,600334.91
236936,700000.0
236937,300000.0
236938,1977000.0
236974,20688.2
236991,300000.0
236992,950000.0
236993,40550000.0
236994,152500000.0
237004,165000.0
237007,20200000.0
237008,22300000.0
237010,35000000.0
237011,35000000.0
237012,37500000.0
237013,58355911.52
237014,89510736.99
237022,5015.0
237023,135386900.0
237024,51172.71
237025,68793.29
237026,90000.0
237027,103366.83
237028,345700.0
237029,511605.25
237030,3000000.0
237031,360000.0
237032,370640.0
237034,400953.0
237035,408000.0
237036,465700.0
237037,682840.0
237038,1385350.0
237040,2853885.91
237041,125747.85
237043,71853.92
237044,99510.12
237045,5200000.0
237046,269412.79
237080,58990.0
237081,27379.7
237082,1006.5
237083,278100.0
237084,192874.92
237085,171553.29
237087,242977.38
237088,137990.0
237089,101990.0
237090,249956.2
237091,61070.11
237092,5766.5
237093,159499.0
237094,192592.4
237095,853144.85
237096,99918.57
237097,104990.0
237099,777790.59
237100,158990.0
237101,137451.16
237105,32675.02
237106,1291232.97
237107,1410000.0
237108,1450054.26
237109,1551600.0
237110,2069315.07
237111,5000000.0
237112,5868974.0
237113,1922000.0
237116,1966770.0
237117,5243975.0
237118,6763000.0
237119,7999910.0
237120,8143763.0
237121,5398099.73
237123,10236000.0
237125,30000000.0
237161,10758384.12
237162,12868949.72
237163,14824227.55
237164,5400.0
237165,1803.16
237166,1979.5
237167,1600.0
237168,4988.0
237169,2096696.78
237171,53196356.34
237181,702000.0
237183,3012500.0
237185,2051000.0
237272,310000.0
237273,4654674.0
237274,5000000.0
237275,5627539.16
237276,5780000.0
237277,882720.0
237278,2971700.0
237279,5178938.33
237280,12700000.0
237281,3000000.0
237282,3805000.0
237283,12851000.0
237293,8311.0
237294,8771.04
237295,84935.0
237296,50000.0
237297,172582.0
237298,349989.93
237299,784427.9
237300,847989.58
237301,2053259.51
237302,6200000.0
237303,802656006.76
237304,40000000.0
237305,18710000.0
237307,9900000.0
237308,3000000.0
237310,79224010.62
237392,60000.0
237393,60000.0
237394,68501.0
237395,84454.0
237396,186958.0
237397,899792.0
237398,3768119.0
237399,4867528.0
237400,5920731.0
237401,15621671.02
237408,199960.0
237409,216880.96
237410,275002.16
237411,353029.07
237412,376017.12
237413,310245.62
237414,486080.0
237415,559080.0
237416,677888.86
237417,162000.0
237419,50000.0
237420,98950.0
237421,244413.0
237423,1511632.36
237424,7100000.0
237439,7333581.45
237478,2000000.0
237479,950035.0
237480,860000.0
237481,1347803.02
237482,2790140.0
237483,21150000.0
237484,2600190.0
237485,1631000.0
237486,1175000.0
237487,2025000.0
237562,305403.09
237563,1139000.0
237564,63137.69
237565,153186.0
237566,531540.37
237567,632734.0
237568,500000.0
237573,403150.0
237574,500000.0
237576,599987.0
237577,518987.0
237578,700000.0
237579,755000.0
237580,5107800.0
237584,3250000.0
237585,3265000.0
237586,3701331.0
237587,4530000.0
237588,1921360.56
237589,128739.63
237590,903928.99
237591,6075000.0
237592,7200000.0
237593,9871069.0
237594,269933.65
237595,1000196.19
237596,1360000.0
237597,2352000.0
237598,2500000.0
237599,3100000.0
237600,4714000.0
237601,3005835.62
237602,7500000.0
237603,28441517.66
237604,31990000.0
237605,72000000.0
237661,5446480.0
237662,10000000.0
237663,10000000.0
237666,13400000.0
237667,25580000.0
237676,223000.0
237677,294874.0
237678,73186.0
237679,99958.4
237680,33000.0
237681,34000.0
237682,58850.0
237683,110000.0
237684,32990.0
237685,104000.0
237686,610000.0
237687,278000.0
237690,5309392.06
237691,2000000.0
237692,2000000.0
237693,2257906.0
237694,1719961.07
237695,3000000.0
237696,2000000.0
237697,5000000.0
237698,6339909.19
237699,9000000.0
237703,40000.0
237704,212928.12
237705,916149.18
237706,450000.0
237707,622805.4
237708,655132.5
237709,746265.01
237710,1209010.0
237711,2012607.11
237726,3200000.0
237727,4330000.0
237728,5810000.0
237729,10000000.0
237730,10212000.0
237731,11135803.91
237732,14573939.38
237733,2982.02
237734,69921.02
237735,1889748.0
237736,4340000.0
237737,3740000.0
237738,1626373.6
237739,1842383.71
237740,2444710.0
237741,11214476.33
237742,4435986.77
237743,5595578.91
237753,3000000.0
237754,3673730.13
237755,3724596.0
237756,3999949.0
237757,6441717.79
237758,4599995.0
237759,5119970.0
237760,4000000.0
237761,6292072.6
237762,13375463.0
237763,3806000.0
237764,1720000.0
237765,1000000.0
237766,2986089.7
237767,4842196.55
237768,6335198.47
237769,7999910.0
237770,8343000.0
237771,12416457.21
237773,9986.36
237774,42986.36
237775,42986.36
237777,85986.36
237778,31887.0
237779,174310.0
237780,319100.0
237782,542717.4
237783,630942.31
237784,23325000.0
237785,259000.0
237786,268600.0
237787,297057.24
237788,425531.0
237789,400000.0
237790,856800.0
237791,2903984.37
237792,181343.7
237793,1008679.02
237794,543775.29
237796,3104244.06
237797,4170986.59
237798,2844800.61
237800,8027004.0
237801,2999969.61
237802,1540000.0
237803,3182309.27
237804,2522969.47
237805,2400000.0
237806,2249633.0
237807,2818200.0
237822,1500.0
237825,863923.06
237828,925000.0
237830,870900.0
237831,434250.0
237832,1435900.0
237833,11000000.0
237834,3928000.0
237835,5910000.0
237836,5792000.0
237837,607500.0
237838,102000000.0
237839,14000000.0
237840,7000000.0
237841,3000000.0
237842,9966458.57
237843,8651430.0
237844,10500000.0
237845,4500000.0
237846,3700000.0
237847,576688.36
237848,2839750.0
237849,2203411.64
237850,2180150.0
237851,116720605.84
237852,14000000.0
237854,20000000.0
237855,13000000.0
237856,26023352.12
237860,1557100.0
237861,1557100.0
237862,31317390.77
237863,52235911.06
237864,52345693.4
237866,100005000.0
237867,100873093.89
237868,2060373.33
237869,1800000.0
237873,500000.0
237874,1500000.0
237875,2416667.0
237876,2999718.2
237877,5000000.0
237878,15021.0
237879,33067731.0
237881,1506671.09
237882,765.0
237884,944122.06
237901,1113805.0
237902,1882776.41
237903,1988000.0
237904,2388720.0
237905,2887009.14
237906,4836653.0
237907,6065.12
237908,41178.8
237909,56450000.0
237910,6000000.0
237911,5480000.0
237912,57561676.5
237914,26606557.38
237915,28000000.0
237916,10100000.0
237917,7120000.0
237918,40000000.0
237919,11500000.0
237971,750000.0
237972,856000.0
237973,903500.0
237974,1025337.0
237976,1184000.0
237977,1250867.67
237978,1303000.0
237979,1386488.0
237980,3792410.0
237981,130033.2
237982,150000.0
237983,171225.0
237984,250511.0
237985,650000.0
237986,500000.0
237987,627000.0
237988,691500.0
237989,1500000.0
237990,1600000.0
237991,1837683.28
237992,2000000.0
237993,4254228.7
237995,308383.5
237996,352417.0
237997,445467.15
237998,495000.0
237999,520528.6
238000,1177799.25
238001,406475.0
238002,68675.0
238003,98494.0
238004,649970.0
238005,7993840.0
238006,50000.0
238007,417000.0
238008,1990000.0
238009,190388.64
238010,2474410.07
238011,1847848.79
238020,452000.0
238030,736500.0
238031,835000.0
238032,947232.0
238033,2170000.0
238034,3033041.1
238057,16500000.0
238058,16965000.0
238060,82394.0
238061,47619803.0
238144,210000.0
238145,211868.0
238146,246400.0
238147,300000.0
238148,180200.0
238149,260000.0
238150,300000.0
238151,300000.0
238152,325000.0
238153,365660.0
238154,500000.0
238155,600000.0
238156,600000.0
238171,110695.29
238172,120000.0
238173,120791.0
238174,127290.0
238175,130000.0
238176,160000.0
238177,180000.0
238178,200000.0
238179,202380.86
238191,4100.48
238192,16958.45
238195,145274.27
238196,31724.98
238197,12016.0
238198,7010500.0
238200,9963.17
238201,23671.96
238202,131175000.0
238203,2000000.0
238204,4388.89
238205,16898.57
238206,60.94
238207,1460410.95
238208,75000000.0
238209,1275000.0
238210,55725000.0
238211,350000.0
238212,400000.0
238213,83545.66
238214,80453.4
238215,140722.35
238216,108570.1
238217,155399.1
238218,126321.7
238219,169448.4
238220,367102.79
238221,560851.19
238222,612736.05
238223,243229.5
238224,155000.0
238225,143384.92
238226,873611.11
238227,3600000.0
238228,35000.0
238229,100000.0
238230,300000.0
238232,40000000.0
238233,11440000.0
238234,860000.0
238239,21500000.0
238240,607360.0
238241,28992273.98
238242,530000.0
238243,2630000.0
238244,2000000.0
238245,1300000.0
238246,100000.0
238247,100000.0
238248,100000.0
238249,100000.0
238250,100000.0
238251,100000.0
238252,100000.0
238253,100000.0
238254,100000.0
238255,100000.0
238256,77000.0
238257,100000.0
238258,100000.0
238259,100000.0
238260,100000.0
238261,100000.0
238262,100000.0
238263,100000.0
238264,100000.0
238265,100000.0
238266,100000.0
238267,100000.0
238268,100000.0
238269,100000.0
238270,100000.0
238271,655862.5
238272,706950.0
238273,1432830.0
238274,2862100.0
238275,1158000.0
238276,362070.0
238277,493500.0
238278,435600.0
238279,279315.2
238280,322200.0
238281,402500.0
238282,2687500.0
238283,920000.0
238284,942450.0
238285,204420.0
238286,514929.0
238287,1131000.0
238288,216284.49
238289,2937500.0
238290,10814005.0
238291,2927500.0
238292,4153248.0
238293,1800000.0
238294,2721000000.0
238295,1802300.2
238296,369760.0
238297,561384.6
238298,970296.41
238299,1148560.0
238300,1170000.0
238301,1396500.0
238302,1516063.47
238303,2307208.47
238304,5567000.05
238305,22322429.91
238314,6993.0
238315,3600.0
238316,7321.0
238318,51470.0
238320,647260.27
238322,39445.0
238323,132550.0
238325,137312.0
238326,152585.0
238327,173973.0
238328,173973.0
238329,702043.0
238330,965854.0
238331,1802235.0
238332,2372052.0
238333,4473076.0
238334,6460253.0
238341,58307.22
238342,92950.0
238343,549715.38
238344,6173890.0
238345,10000000.0
238346,16697430.0
238347,15345696.67
238348,80000000.0
238349,33287637.5
238351,5000000.0
238352,31447.72
238353,324955.0
238354,34500000.0
238355,6980.0
238358,44500.0
238362,9310000.0
238363,14991886.27
238365,29162517.4
238366,22590000.0
238367,560903.37
238368,606448.0
238369,917500.0
238370,766750.96
238371,995474.9
238372,1450000.0
238374,1699126.0
238375,3036191.82
238377,5136157.0
238379,797462.5
238381,857919.0
238382,999997.5
238383,4999995.0
238384,1739997.5
238385,225574.5
238426,95880.0
238427,99750.0
238428,100000.0
238429,100000.0
238430,125800.0
238431,134640.0
238432,195000.0
238433,28798.59
238434,18150.45
238435,412255.87
238436,72188.43
238437,85735.2
238439,64017260.0
238440,278850.0
238442,30000000.0
238443,27222500.0
238466,614566.72
238467,428051.7
238468,462377.88
238469,871637.22
238470,759898.0
238472,601500.0
238473,475000.0
238474,998175.6
238475,158112.0
238476,961315.5
238499,1000000.0
238500,1375630.0
238501,1500000.0
238504,1955000.0
238505,3000000.0
238506,3590000.0
238507,4000000.0
238508,5973482.1
238522,599968.0
238523,21892.0
238524,50000.0
238525,50000.0
238526,48059.0
238527,24976.0
238528,69976.0
238529,49976.0
238530,49976.0
238551,1069672.13
238552,1143442.62
238553,24.28
238554,1023287.68
238555,550000.0
238556,275000.0
238557,137500.0
238558,2337500.0
238559,459498.37
238560,1250000.0
238563,83220.8
238564,100225.6
238565,800000.0
238566,705000.0
238567,1200000.0
238568,1946923.62
238569,141148.0
238570,89177.0
238601,340000.0
238602,115000.0
238603,484000.0
238605,6900000.0
238606,18681948.42
238609,6225259.0
238610,637380.0
238611,17000000.0
238613,51989.8
238614,6390.13
238615,5811.2
238620,2380.0
238621,659940.95
238622,90728502.77
238623,11400000.0
238624,10890000.0
238625,2500000.0
238626,500000.0
238627,500000.0
238628,500000.0
238629,1000000.0
238630,3000000.0
238631,8385000.0
238632,9000000.0
238635,225000000.0
238675,34240.0
238676,108830.0
238677,160561.0
238678,268203.99
238679,538701.59
238680,630000.0
238681,705000.0
238682,1193000.0
238683,7896772.43
238684,13425.0
238685,14544.0
238686,18735.75
238687,20750.0
238688,24000.0
238689,24203.5
238690,25657.5
238691,27625.0
238692,30644.8
238693,90092.0
238694,141821.44
238695,239997.0
238696,578882.14
238697,5738.45
238698,5250.0
238699,22856.4
238700,37422.0
238701,61516.89
238708,2269550.0
238709,55797598.0
238710,48443923.0
238711,5297391.0
238773,160952.0
238867,350000.0
238871,200000.0
238872,180000.0
238875,2000000.0
238876,344951.0
238877,1175000.0
238878,1000035.0
238879,350035.0
238880,221842.4
238883,20000.0
238884,195000.0
238885,2023031.18
238886,60000.0
238888,40000000.0
238889,24191333.76
238890,6000000.0
238891,99970.0
238892,3000000.0
238893,899457.0
238895,185000.0
238982,60000.0
238983,6840.0
238984,9453.0
238985,84164.38
238988,239.9
238989,21379.42
238990,64.37
238991,5736.84
238992,516.91
238993,46065.88
238994,179156.18
238996,1.18
238997,258.08
239000,258869.86
239001,34550.0
239028,500000.0
239029,363284.0
239030,364312.0
239031,331870.92
239032,154186.01
239033,45409.04
239034,317524.1
239035,199877.56
239036,200000.0
239037,200000.0
239038,1700000.0
239039,157500.0
239040,105000.0
239041,100000.0
239042,60000.0
239043,500000.0
239044,300000.0
239045,500000.0
239046,121000.0
239047,4725100.63
239048,1799302.82
239049,2204000.0
239050,10000000.0
239051,11000000.0
239052,288960.0
239053,236810.0
239054,780360.0
239055,183610.0
239056,470800.0
239057,1471300.0
239058,100000.0
239059,622600.0
239060,152000.0
239061,672000.0
239062,3842610.0
239063,568420.0
239064,552810.0
239065,145830.0
239066,405260.0
239067,186780.0
239068,138120.0
239069,631470.0
239070,2191420.0
239071,1236240.0
239072,1892620.0
239073,690810.0
239074,2472030.0
239075,342090.0
239076,1141230.0
239077,495360.0
239078,28000000.0
239094,4447.49
239095,585000.0
239096,431865.0
239097,196565.0
239098,361784.0
239099,361784.0
239100,12245.48
239101,722500.0
239102,248650.0
239103,260000.0
239104,40000.0
239105,14000.0
239106,130000.0
239107,1105000.0
239108,100.0
239109,16.04
239110,108287.18
239111,21660.97
239112,2510840.0
239113,502250.0
239114,3490000.0
239115,4000000.0
239116,750.0
239117,8000000.0
239118,6500000.0
239119,2000000.0
239120,250000.0
239121,166240.0
239122,31090.0
239123,476230.0
239124,201380.0
239125,416620.0
239126,149670.0
239127,438610.0
239128,700070.0
239129,398230.0
239130,401030.0
239131,251120.0
239132,654830.0
239133,220030.0
239134,344220.0
239135,316620.0
239136,767310.0
239137,410120.0
239138,286310.0
239139,409480.0
239140,1294110.0
239141,257730.0
239142,653130.0
239143,232060.0
239172,585000.0
239173,500000.0
239174,50000.0
239175,115000.0
239176,700000.0
239177,160000.0
239178,200000.0
239188,145833415.0
239189,6546674.05
239190,16150000.0
239191,9000000.0
239192,110000000.0
239193,12500000.0
239194,70000.0
239195,100059000.0
239200,15000000.0
239201,30000000.0
239202,184408.0
239203,50000000.0
239204,10000000.0
239205,140000000.0
239206,20000000.0
239207,11163757.0
239208,270000000.0
239209,266479000.0
239210,16960000.0
239211,303896900.0
239212,6478770.0
239286,643.0
239287,65294143.67
239288,3000000.0
239289,3068.88
239290,6378.25
239291,138750.0
239295,860310.0
239296,1179085.19
239297,347.89
239300,635787.68
239301,8047.95
239302,35000000.0
239303,10000000.0
239304,868849.69
239305,1856665.31
239306,1143334.69
239307,3100.0
239308,10470.0
239310,413.0
239311,10000.0
239312,2000000.0
239313,1786138.18
239314,1786138.18
239315,1716093.54
239316,1200.0
239317,1200.0
239318,2350.0
239319,500.0
239320,5700.0
239321,1500.0
239322,3000.0
239323,1850.0
239324,1600.0
239325,2700.0
239327,3600.0
239328,700.0
239329,25000.0
239330,90000.0
239331,60000.0
239332,50000.0
239333,30000.0
239334,60000.0
239335,100000.0
239336,213201.28
239337,22308.0
239338,107625.63
239339,44883.8
239340,50353.38
239341,125166.85
239342,50364.87
239343,64990.0
239344,10000.0
239345,26610.0
239346,42770.0
239347,76929.0
239348,36620.0
239349,24000.0
239350,10000.0
239351,50000.0
239352,24267.0
239353,19550.0
239354,28608.0
239355,26460.0
239356,35000.0
239357,28315.0
239358,41905.0
239359,4737.0
239360,10000.0
239361,19026.0
239362,8653.0
239363,54965.0
239364,4907.0
239365,10000.0
239366,10000.0
239367,10000.0
239368,165870.0
239369,56200.0
239370,58950.0
239371,135000.0
239372,67000.0
239373,39460.0
239374,18330.0
239375,83350.0
239376,64550.0
239377,50000.0
239378,75000.0
239379,45330.0
239380,60920.0
239381,93960.0
239382,42620.0
239383,56450.0
239384,34450.0
239385,35245.0
239386,21330.0
239387,50000.0
239388,56500.0
239389,39544.2
239390,74604.2
239391,59759.0
239392,22056.4
239393,42153.2
239394,63482.2
239395,49956.2
239396,29956.2
239397,29956.2
239398,49956.2
239399,49956.2
239400,99956.2
239401,49956.2
239402,42316.2
239403,99956.2
239404,101658.0
239405,83996.2
239406,4341823.0
239417,25000.0
239418,7300.85
239419,10000.0
239420,10000.0
239421,5000.0
239422,16840.0
239423,5000.0
239424,10000.0
239425,10000.0
239426,5000.0
239427,431966.0
239428,499966.0
239429,500000.0
239430,700000.0
239431,235000.0
239432,83272.44
239433,173270.0
239439,100000000.0
239441,300000000.0
239442,29453.55
239443,48763661.2
239444,52448277.35
239445,6371505.53
239446,137900000.0
239448,100360.0
239449,37175.0
239450,16090.0
239451,96690.0
239452,98819.13
239453,49990.0
239454,113490.0
239455,67590.0
239456,2130.0
239457,19000.0
239458,15280.0
239459,280235.0
239460,18874.0
239461,37759.0
239462,38619.0
239469,29110.0
239470,38990.0
239471,9990.0
239473,19990.0
239474,39990.0
239475,59990.0
239476,68990.0
239477,19990.0
239478,41000.0
239517,76288169.0
239522,7150000.0
239523,2850000.0
239524,138663.02
239525,157244.65
239526,119184.37
239527,285837.69
239528,185698.63
239529,472021.55
239530,750125.76
239531,861231.18
239532,1880564.07
239538,10000.0
239539,9200.0
239540,540000.0
239541,580000.0
239542,1300000.0
239543,1307643.85
239544,1812263.4
239545,2999584.19
239546,3000000.0
239547,4000000.0
239548,5177570.0
239549,15900000.0
239555,662000.0
239556,790000.0
239557,790600.0
239558,1201000.0
239559,1344901.0
239560,4450000.0
239561,10000000.0
239562,2762000.0
239563,3460000.0
239564,5000000.0
239565,7328800.0
239566,7447499.15
239567,7890000.0
239568,8514315.76
239570,1000000.0
239571,850800.0
239572,1080000.0
239573,1370000.0
239574,1584880.0
239575,2000000.0
239576,2593696.0
239577,5100000.0
239578,4820000.0
239579,9206000.0
239580,53811.0
239581,5587.64
239582,6022.31
239583,2632.46
239584,8294.77
239585,21055.71
239586,19065.37
239587,17015.14
239588,400000.0
239589,1080000.0
239590,2530000.0
239591,4000000.0
239592,5000000.0
239593,6275000.0
239595,6038390.0
239596,8410500.0
239713,418000.0
239714,434084.26
239715,465319.83
239716,540000.0
239717,605000.0
239718,875000.0
239719,1778304.0
239720,1750000.0
239721,5950000.0
239722,13730000.0
239761,410356.2
239762,499948.0
239763,606050.0
239764,884100.0
239765,617393.72
239766,1406020.0
239767,2000000.0
239768,2286437.26
239769,931940.0
239770,1000000.0
239771,1600000.0
239775,4231649.52
239776,2491671.4
239777,38222.75
239778,1660000.0
239779,7250000.0
239780,3717370.0
239781,120000.0
239782,1300000.0
239783,5550000.0
239784,250000.0
239785,79600.0
239786,29250.0
239800,3800.0
239802,4600.0
239803,48000.0
239804,4600.0
239807,140000.0
239808,38270.0
239810,50000.0
239812,246136.72
239813,70232.0
239814,1750.0
239815,500000.0
239816,40000.0
239817,119424.89
239818,200000.0
239819,324262.0
239820,400000.0
239821,498000.0
239822,1371700.0
239823,8985.0
239824,625000.0
239825,850000.0
240011,8440.0
240012,764.72
240013,10590.0
240014,26619.05
240015,11026.0
240016,348228.4
240017,3000000.0
240069,143934.4
240070,145215.1
240071,147619.62
240072,158687.03
240073,170771.85
240075,981271.22
240076,1048277.31
240077,1064072.5
240080,2500000.0
240081,2939517.4
240082,3000000.0
240083,3500000.0
240084,27700795.86
240096,3298750.0
240097,1514218.43
240098,305900.0
240099,11900.0
240101,43499.0
240102,12850.0
240103,8775.0
240104,8000.0
240105,83070.0
240106,98460.0
240107,628125.0
240108,401003.0
240109,5496006.0
240112,4060000.0
240114,3291540.27
240115,1700000.0
240116,1143442.62
240117,100000.0
240118,14499700.0
240119,75000.0
240120,25474.6
240121,2362021.86
240122,540000.0
240123,455768.82
240124,1000000.0
240125,1040000.0
240126,1787547.7
240127,2239286.74
240128,7185378.27
240129,11669645.04
240130,41450000.0
240135,1700000.0
240136,1723991.78
240137,736500.0
240138,3870000.0
240139,2570000.0
240140,8310000.0
240175,4734683.0
240190,303701.0
240191,21561.0
240192,44960.0
240193,60000.0
240195,600000.0
240198,9540.0
240243,462351029.67
240280,100000.0
240282,957103.06
240283,1193250.0
240286,8600.0
240287,9438.0
240288,10000.0
240289,13547.4
240291,28221.15
240293,106226.0
240294,112882.0
240296,285139.8
240297,335429.3
240309,296037.67
240310,363193.19
240312,328706.9
240313,440000.0
240314,501500.0
240316,450000.0
240317,813645.2
240318,1000400.0
240319,1435000.0
240320,1738977.46
240321,2000000.0
240322,2090100.0
240323,3054383.56
240324,3379600.0
240325,5670000.0
240326,6500000.0
240327,6162913.0
240328,18000000.0
240329,24359120.0
240330,60000000.0
240331,10800.0
240332,16000.0
240335,1144000.0
240336,1392000.0
240337,1534101.04
240338,2182567.5
240340,2405000.0
240341,2953675.0
240342,2953675.0
240343,6219903.14
240344,13368899.37
240345,1038700.0
240346,2595000.0
240347,2040000.0
240349,2529.18
240350,1100000.0
240351,1800000.0
240352,1200000.0
240353,1342000.0
240354,1456000.0
240355,820000.0
240356,3262000.0
240357,1000000.0
240358,1500000.0
240359,1645000.0
240360,8592.29
240361,1023291.67
240362,2573906.25
240365,7639980.01
240366,10000.0
240367,10000.0
240368,1100000.0
240369,552315.0
240370,1400000.0
240371,1500000.0
240372,7393.0
240373,6700.0
240374,188801.0
240375,2087430.0
240376,500000.0
240377,982050.89
240378,218530.0
240379,379620.0
240380,8856618.72
240381,5150435.0
240382,2200000.0
240384,1075000.0
240385,370111.64
240386,895035.62
240388,23.6
240389,11.8
240390,10500.0
240392,121920.0
240393,611500.0
240408,1148385.0
240409,2000000.0
240410,2023484.85
240411,2457541.38
240412,2558000.0
240413,2569815.41
240414,3000000.0
240415,10041000.0
240416,2500000.0
240417,34600000.0
240418,150000.0
240419,137332.77
240420,279421.0
240421,658000.0
240422,80000.0
240425,110000000.0
240426,202127645.66
240427,197500.0
240428,11600.0
240429,255700.0
240431,99905.55
240432,118975.0
240433,10000.0
240434,50000.0
240435,88453.92
240436,22472.34
240539,90000.0
240541,77800.0
240542,107941.92
240543,130000.0
240544,229976.02
240545,326050.0
240546,489240.0
240547,272188.0
240548,683930.0
240549,5000000.0
240550,5000000.0
241197,18000.0
241198,5952.0
241199,34500.0
241284,600.0
241285,600.0
241286,600.0
241287,900.0
241288,600.0
241289,900.0
241290,600.0
241291,134433.72
241292,156042.22
241297,27000.0
241298,60000.0
241299,2250.0
241300,2335.0
241302,2220.0
241303,18000.0
241312,1000.0
241313,14037.0
241314,5000.0
241315,119.0
241316,4413.0
241318,100000.0
241319,5000.0
241320,161000.0
241321,30000.0
241322,10000.0
241323,23000.0
241324,150000.0
241351,34551.0
241352,139349.9
241353,200000.0
241354,210000.0
241355,903455.0
241356,3096000.0
241357,2942230.0
241358,9807400.0
241359,8939800.0
241360,43153544.15
241364,968000.0
241365,1021512.0
241366,848518.75
241367,1265473.3
241368,4880673.35
241369,4950000.0
241370,6225000.0
241371,6500000.0
241372,20000000.0
241373,15760000.0
241374,21850000.0
241375,149546.76
241376,40000.0
241377,105000.0
241378,353799.6
241379,222543.29
241380,180653.0
241381,100000.0
241382,467103.22
241383,8455000.0
241384,97701.95
241385,212595.26
241386,66459.8
241387,30200.0
241388,36544.75
241389,15671.5
241390,22853.0
241391,12000.0
241392,1284.96
241393,87391.6
241394,95283.34
241395,49922.89
241398,191600.0
241425,183000.0
241426,226000.0
241468,5000.0
241469,8000.0
241470,1439242.0
241471,1586492.0
241472,1608500.0
241473,1968722.27
241474,2005348.82
241475,5000000.0
241476,5815000.0
241477,3063200.0
241478,10390000.0
241479,6860000.0
241480,3100939.51
241557,565291.42
241616,43405.27
241617,19505065.65
241618,352132.9
241619,4521638.0
241861,7.14
241865,48316.0
241866,1124500.0
241886,154000.0
241950,3895000.0
241951,1105000.0
241958,955000.0
241959,999999.99
241960,1000000.0
241961,1000000.0
241962,1055229.52
241963,1082851.49
241964,2000000.0
241965,2649901.0
241966,11856945.53
241967,68033400.0
241968,213258.47
241970,252342.5
241972,387779.05
241973,410511.01
241974,512987.74
241975,559469.41
241976,1643974.69
241977,19980.0
241978,788.12
241979,3750.0
241980,3750.0
241981,3750.0
241982,3750.0
241983,3750.0
241984,3750.0
241985,3750.0
241986,3750.0
241987,7370348.09
241990,119500.0
241991,80500.0
241992,9952.5
241993,13003.0
241994,459985.0
241995,498985.0
241996,1823732.8
241997,2211982.25
241998,243467.66
242000,169356.0
242001,138000.0
242002,100000.0
242003,1840000.0
242004,324504.0
242008,67083.34
242009,100000.0
242010,2600.0
242011,731000.0
242012,792128.0
242013,792180.0
242014,1620000.0
242015,1910000.0
242016,1000568.3
242017,1000601.75
242018,1000593.7
242019,1099423.98
242020,1000697.22
242021,999523.55
242022,1000460.93
242023,1000532.22
242024,1000355.48
242025,1000387.71
242026,1000498.07
242027,1000452.18
242028,1000328.16
242029,1000307.66
242030,2800000.0
242031,1486500.0
242032,2031981.0
242033,1745050.0
242034,3039206.0
242121,120000000.0
242122,34000000.0
242123,30000000.0
242124,100000.0
242125,991.06
242126,1380000.0
242127,6156.63
242128,2268.35
242129,8852.0
242130,4430.7
242131,9213.82
242132,8929.29
242133,11443.97
242134,15495.52
242135,24000000.0
242136,3664542.43
242137,210000000.0
242138,210000000.0
242139,200000000.0
242140,50132575.0
242141,155141150.0
242142,210000000.0
242143,200000000.0
242144,209999980.0
242152,9208.13
242153,424000.0
242154,800000.0
242155,942300.0
242156,693000.0
242157,810000.0
242159,2540585.0
242160,1335495.79
242161,1051824.94
242162,95779.6
242163,16296000.0
242187,272500.0
242210,2000000.0
242211,2200000.0
242212,1400000.0
242213,2500000.0
242214,3167512.77
242215,1500000.0
242216,3000000.0
242217,5002635.03
242218,5300000.0
242219,5800416.03
242251,252122.34
242408,1807388.59
242409,1034850.0
242410,2124000.0
242416,4222283.9
242430,3250000.0
242432,6000000.0
242433,2159364.78
242519,625503.0
242528,1400000.0
242832,653000.0
242922,220000.0
242924,499980.0
242930,1130000.0
242931,1000000.0
242990,69955.0
242991,404132.89
242992,1927651.0
242993,1621509.63
242994,1006215.48
242995,873110.29
242996,638411.0
242997,14235623.0
242998,3622927.0
243000,5077825.0
243002,1864590.0
243045,50000.0
243112,60811290.0
243113,7464816.88
243114,7500.0
243115,7525634.93
243116,94271811.48
243117,22197285.78
243118,27129231.25
243119,112434313.77
243120,24355000.0
243121,23222000.0
243125,24010000.0
243126,21580974.52
243158,174990.0
243230,20686500.0
243231,4700.0
243236,47528.52
243241,190000.0
243245,438000.0
243247,945094.0
243248,203803.69
243249,2349106.18
243250,1837000.0
243251,3218103.44
243253,15402986.98
243254,27179000.0
243255,5228300.0
243256,8585000.0
243257,150000000.0
243258,193376710.67
243274,9558.0
243275,60000.0
243276,120000.0
243284,1662500.0
243285,1999844.47
243286,2078380.47
243287,2017376.0
243289,3891515.0
243290,10000000.0
243291,99985.15
243292,5395.51
243293,1654939.98
243296,665000.0
243324,7628334.04
243325,9865148.68
243327,10000000.0
243328,13600000.0
243329,22066254.5
243330,30443000.0
243623,31128000.0
243624,47320000.0
243625,48680000.0
243626,31128000.0
243627,47320000.0
243628,48680000.0
243629,35044000.0
243630,35044000.0
243631,47320000.0
243632,48680000.0
243633,35044000.0
243634,47320000.0
243635,48680000.0
243636,35044000.0
243637,8500000.0
243638,2558000.0
243639,19140898.94
243640,3200449.47
243641,16969154.47
243642,28237445.53
243643,47850600.0
243644,30881400.0
243645,35097035.46
243646,14554700.0
243647,50349300.0
243648,50349300.0
243649,49650700.0
243650,32452000.0
243651,16422307.63
243652,51125300.0
243653,48874700.0
243654,51125300.0
243655,11149687.1
243656,15609561.94
243657,17839499.37
243658,42704153.33
243659,19305000.0
243660,19328000.0
243661,7965000.0
243662,7965000.0
243663,5470000.0
243664,5470000.0
243665,10940000.0
243666,21915000.0
243667,91929461.07
243668,153056617.86
243669,91629461.07
243670,336194500.0
243671,12960467.37
243672,42170000.0
243673,12960500.0
243674,42176500.0
243675,21840000.0
243676,21915000.0
243677,18050000.0
243678,18050000.0
243679,18050000.0
243680,18050000.0
243681,72202000.0
243682,49815000.0
243683,49911000.0
243688,249985.14
243702,40000.0
243788,305500.0
243794,350005.0
243797,460000.0
243799,480005.0
243945,20675000.0
243946,20692000.0
243947,23000000.0
243948,23139000.0
243949,9358183.68
243950,9358183.68
243951,27150000.0
243952,27152674.67
243953,18769368.85
243954,18769368.85
243955,20675554.55
243956,20415554.55
243957,23000000.0
243958,23416000.0
243959,33258935.96
243960,33259000.0
